<?xml version="1.0" encoding="UTF-8"?>
<!DOCTYPE fontscolors PUBLIC "-//NetBeans//DTD Editor Fonts and Colors settings 1.1//EN" "http://www.netbeans.org/dtds/EditorFontsColors-1_1.dtd">
<fontscolors>
    <fontcolor bgColor="ff364135" name="mark-occurrences"/>
    <fontcolor name="identifier"/>
    <fontcolor default="field" foreColor="ffbababa" name="markup-attribute"/>
    <fontcolor default="identifier" foreColor="ff50fa7b" name="method"/>
    <fontcolor foreColor="fff1fa8c" name="string"/>
    <fontcolor default="keyword" foreColor="ffe8bf6a" name="markup-element"/>
    <fontcolor default="string" foreColor="ffa5c261" name="markup-attribute-value"/>
    <fontcolor name="error" waveUnderlined="ff9e2927"/>
    <fontcolor default="default" name="entity-reference"/>
    <fontcolor foreColor="ffa9b7c6" name="separator"/>
    <fontcolor foreColor="ffff79c6" name="operator"/>
    <fontcolor foreColor="ff287bde" name="url" underline="ff287bde"/>
    <fontcolor foreColor="ffbd93f9" name="number"/>
    <fontcolor bgColor="ff282a36" foreColor="fff8f8f2" name="default">
        <font name="Consolas" size="20" style="plain"/>
    </fontcolor>
    <fontcolor default="identifier" foreColor="ff9876aa" name="field"/>
    <fontcolor foreColor="fff1fa8c" name="char"/>
    <fontcolor bgColor="ff52503a" name="warning" waveUnderlined="ff52503a"/>
    <fontcolor foreColor="ff6272a4" name="comment"/>
    <fontcolor foreColor="ffff79c6" name="keyword">
        <font style="bold"/>
    </fontcolor>
    <fontcolor foreColor="ff505050" name="whitespace"/>
</fontscolors>
